endpoint,contrast,model_set,model,term,estimate,std.error,statistic,p.value,rate_ratio,rr_low,rr_high
stomach,0_0p10_vs_0p10_0p20,minimal,Poisson,dose_group1,0.09448224703788738,0.11360008529711386,0.8317092966151831,0.40557305189557624,1.0990896508628603,0.8731322669318341,1.3638025091781734
stomach,0_0p10_vs_0p10_0p20,minimal,Negative binomial,dose_group1,-0.03971366860258381,0.1276096471052051,-0.3112121183897853,0.755639371024678,0.9610645827243003,0.7381367839487699,1.2382121358994396
stomach,0_0p10_vs_0p10_0p20,adjusted,Poisson,dose_group1,0.10709608461757096,0.11402904298619783,0.9392000652898048,0.3476280355212448,1.113041195479159,0.8835454737065601,1.382313448076126
stomach,0_0p10_vs_0p10_0p20,adjusted,Negative binomial,dose_group1,0.11565847278082338,0.11625007088554494,0.9949109871485238,0.3197795586597141,1.1226124039620347,0.8875551482110153,1.4005339468766593
