endpoint,contrast,model_set,model,term,estimate,std.error,statistic,p.value,rate_ratio,rr_low,rr_high
solid,0_0p10_vs_0p10_0p20,minimal,Poisson,dose_group1,0.12110132293795857,0.059341721840339735,2.040745013496313,0.041276178623722425,1.1287392737529363,1.002809004225832,1.2655452434529006
solid,0_0p10_vs_0p10_0p20,minimal,Negative binomial,dose_group1,-0.04070910055587409,0.0769847228051402,-0.528794533155817,0.5969479905251037,0.9601083843236586,0.8202687679706796,1.1216320059881155
solid,0_0p10_vs_0p10_0p20,adjusted,Poisson,dose_group1,0.15306090465292016,0.05953898218196854,2.5707679077401973,0.010147330648001137,1.1653959548174782,1.0349901517617213,1.3071673061358826
solid,0_0p10_vs_0p10_0p20,adjusted,Negative binomial,dose_group1,0.15448034744579675,0.061371832013611224,2.517121330377357,0.011831807681204846,1.1670513422923596,1.0328507613951565,1.3138788076725803
