endpoint,contrast,model_set,model,term,estimate,std.error,statistic,p.value,rate_ratio,rr_low,rr_high
solid,0_0p20_vs_0p20_0p50,minimal,Poisson,dose_group1,0.12480260005508276,0.05643241402473785,2.211541048029134,0.02699839262475986,1.1329247917007048,1.0124865882247986,1.2632536007423607
solid,0_0p20_vs_0p20_0p50,minimal,Negative binomial,dose_group1,-0.0020361920051883858,0.07695752678882015,-0.026458646608744574,0.9788915172672088,0.9979658796274334,0.8528863967435875,1.1661748174358033
solid,0_0p20_vs_0p20_0p50,adjusted,Poisson,dose_group1,0.1736705693862366,0.05657630758019092,3.0696695633605455,0.002142957213764124,1.1896635896529215,1.0628984098217373,1.3269129554219674
solid,0_0p20_vs_0p20_0p50,adjusted,Negative binomial,dose_group1,0.17573702463367016,0.058707156036333044,2.9934515057228963,0.0027584134121185727,1.192124518043905,1.0605459882391568,1.3356846224293508
