endpoint,contrast,rr,rr_lo,rr_hi,evalue_point,evalue_ci
solid,control_vs_moderate,1.143030440658604,1.0455955692518766,1.257256237269614,1.5473671167264553,1.2639405375641306
solid,control_vs_high,1.5601837652567994,1.385908488928399,1.753528160859946,2.495057883047042,2.117231844739903
stomach,control_vs_moderate,1.0371744638306573,0.8691668692557026,1.2226820478354576,1.2335323121376554,1
stomach,control_vs_high,1.3676619957912757,1.0861314629290302,1.6735820440354132,2.0767722403516684,1.3919910578992143
